{
    "status": "OK",
    "czas_uruchomienia": "2026-01-23T17:06:55.413829",
    "scenariusz": {
        "nazwa": "scenariusz_1",
        "opis": "CLI: rozwiazanie_z_kata.py (stdin JSON -> stdout JSON)",
        "typ": "cli",
        "skrypt": "projekt_balistyczny/symulacje/rozwiazanie_z_kata.py"
    },
    "parametry_wejsciowe": {
        "id": "zadanie_14",
        "opis": "seria_docker",
        "tryb_json": true,
        "kat_startowy_deg": 10,
        "predkosc_poczatkowa_mps": 900,
        "drag": 0.2,
        "target_distance": 3000,
        "look_angle": 25.0,
        "kat_deg": 10,
        "v0": 3240.0
    },
    "wynik_symulacji": {
        "target_distance_m": 3000.0,
        "look_angle_deg": 25.0,
        "required_barrel_elevation_rad": 0.16550538258940078,
        "zero_barrel_elevation_rad": 0.0011463825979624582,
        "hold_mil": 167.41470265778042,
        "horizontal_range_m": 2718.92336110995,
        "v0_kmh": 3240.0,
        "drag": 0.2,
        "trajektoria": {
            "x_m": [
                0.0,
                320.0,
                640.0,
                959.9999999999999,
                1280.0,
                1599.9999999999998,
                1919.9999999999995,
                2239.9999999999995,
                2559.9999999999995,
                2879.999999999999,
                3199.999999999999
            ],
            "y_m": [
                -0.05000000000000001,
                218.5574417031684,
                433.0296105997127,
                637.6483448242553,
                825.268904050765,
                989.9709280458235,
                1124.6543226356996,
                1220.580980769202,
                1267.0763500835887,
                1251.0828195746913,
                1156.1959382953535
            ]
        }
    },
    "pliki": {
        "trajektoria_png": "/wyniki/trajektoria_lokalnie.png"
    },
    "debug": {
        "returncode": 0,
        "stderr_tail": "/app/projekt_balistyczny/py_ballistics/py_ballisticcalc/__init__.py:44: UserWarning: Library running in pure python mode. For better performance install 'py_ballisticcalc.exts' binary package\n  warnings.warn(\"Library running in pure python mode. \"\n",
        "stdout_tail": "{\"target_distance_m\": 3000.0, \"look_angle_deg\": 25.0, \"required_barrel_elevation_rad\": 0.16550538258940078, \"zero_barrel_elevation_rad\": 0.0011463825979624582, \"hold_mil\": 167.41470265778042, \"horizontal_range_m\": 2718.92336110995, \"v0_kmh\": 3240.0, \"drag\": 0.2, \"trajektoria\": {\"x_m\": [0.0, 320.0, 640.0, 959.9999999999999, 1280.0, 1599.9999999999998, 1919.9999999999995, 2239.9999999999995, 2559.9999999999995, 2879.999999999999, 3199.999999999999], \"y_m\": [-0.05000000000000001, 218.5574417031684, 433.0296105997127, 637.6483448242553, 825.268904050765, 989.9709280458235, 1124.6543226356996, 1220.580980769202, 1267.0763500835887, 1251.0828195746913, 1156.1959382953535]}}\n"
    }
}