{
    "target_distance_m": 1640.4199475065616,
    "target_drop_before": -60.23280560480182,
    "hold_radians": -0.036701430531877965,
    "target_drop_after": -0.12473348181069717
}