{
    "target_distance_m": 1640.4199475065616,
    "target_drop_before": -59.581042027690266,
    "hold_radians": -0.03630464463651394,
    "target_drop_after": -0.12372943628916862
}