{
    "target_distance_m": 2624.6719160104985,
    "target_drop_before": -185.31596984871643,
    "hold_radians": -0.07048840875074866,
    "target_drop_after": -1.1200942996098477
}