{
    "target_distance_m": 499.99999999999994,
    "look_angle_deg": 10.0,
    "required_barrel_elevation_rad": 0.04495823080470193,
    "zero_barrel_elevation_rad": 0.008625741199480808,
    "hold_mil": 37.00797001923741,
    "horizontal_range_m": 492.403876506104
}