{
    "zero_distance_m": 499.99999999999994,
    "barrel_elevation_deg": 2.60289,
    "v0_kmh": 900,
    "drag_coefficient": 0.2
}