{
    "zero_distance_m": 499.99999999999994,
    "barrel_elevation_deg": 2.60289,
    "barrel_elevation_rad": 0.04543,
    "v0_kmh": 900,
    "v0_mps": 250.0,
    "drag_coefficient": 0.2
}