{
    "status": "OK",
    "czas_uruchomienia": "2026-01-23T17:06:49.950030",
    "scenariusz": {
        "nazwa": "scenariusz_1",
        "opis": "CLI: rozwiazanie_z_kata.py (stdin JSON -> stdout JSON)",
        "typ": "cli",
        "skrypt": "projekt_balistyczny/symulacje/rozwiazanie_z_kata.py"
    },
    "parametry_wejsciowe": {
        "id": "zadanie_10",
        "opis": "seria_docker",
        "tryb_json": true,
        "kat_startowy_deg": 10,
        "predkosc_poczatkowa_mps": 800,
        "drag": 0.2,
        "target_distance": 3000,
        "look_angle": 25.0,
        "kat_deg": 10,
        "v0": 2880.0
    },
    "wynik_symulacji": {
        "target_distance_m": 3000.0,
        "look_angle_deg": 25.0,
        "required_barrel_elevation_rad": 0.1971027649136396,
        "zero_barrel_elevation_rad": 0.0013218166703217375,
        "hold_mil": 199.42083632731243,
        "horizontal_range_m": 2718.92336110995,
        "v0_kmh": 2880.0,
        "drag": 0.2,
        "trajektoria": {
            "x_m": [
                0.0,
                320.0,
                640.0,
                959.9999999999999,
                1280.0,
                1599.9999999999998,
                1919.9999999999995,
                2239.9999999999995,
                2559.9999999999995,
                2879.999999999999,
                3199.999999999999
            ],
            "y_m": [
                -0.05000000000000001,
                233.35578346965005,
                460.8273962513293,
                674.8320546586702,
                868.5640593633545,
                1035.2595737987474,
                1166.593199056784,
                1252.3654748709146,
                1280.1875045711224,
                1234.8640146433468,
                1096.9210957391335
            ]
        }
    },
    "pliki": {
        "trajektoria_png": "/wyniki/trajektoria_lokalnie.png"
    },
    "debug": {
        "returncode": 0,
        "stderr_tail": "/app/projekt_balistyczny/py_ballistics/py_ballisticcalc/__init__.py:44: UserWarning: Library running in pure python mode. For better performance install 'py_ballisticcalc.exts' binary package\n  warnings.warn(\"Library running in pure python mode. \"\n",
        "stdout_tail": "{\"target_distance_m\": 3000.0, \"look_angle_deg\": 25.0, \"required_barrel_elevation_rad\": 0.1971027649136396, \"zero_barrel_elevation_rad\": 0.0013218166703217375, \"hold_mil\": 199.42083632731243, \"horizontal_range_m\": 2718.92336110995, \"v0_kmh\": 2880.0, \"drag\": 0.2, \"trajektoria\": {\"x_m\": [0.0, 320.0, 640.0, 959.9999999999999, 1280.0, 1599.9999999999998, 1919.9999999999995, 2239.9999999999995, 2559.9999999999995, 2879.999999999999, 3199.999999999999], \"y_m\": [-0.05000000000000001, 233.35578346965005, 460.8273962513293, 674.8320546586702, 868.5640593633545, 1035.2595737987474, 1166.593199056784, 1252.3654748709146, 1280.1875045711224, 1234.8640146433468, 1096.9210957391335]}}\n"
    }
}