{
    "status": "OK",
    "czas_uruchomienia": "2026-01-23T17:06:44.031741",
    "scenariusz": {
        "nazwa": "scenariusz_1",
        "opis": "CLI: rozwiazanie_z_kata.py (stdin JSON -> stdout JSON)",
        "typ": "cli",
        "skrypt": "projekt_balistyczny/symulacje/rozwiazanie_z_kata.py"
    },
    "parametry_wejsciowe": {
        "id": "zadanie_06",
        "opis": "seria_docker",
        "tryb_json": true,
        "kat_startowy_deg": 10,
        "predkosc_poczatkowa_mps": 700,
        "drag": 0.2,
        "target_distance": 3000,
        "look_angle": 25.0,
        "kat_deg": 10,
        "v0": 2520.0
    },
    "wynik_symulacji": {
        "target_distance_m": 3000.0,
        "look_angle_deg": 25.0,
        "required_barrel_elevation_rad": 0.2400780882818056,
        "zero_barrel_elevation_rad": 0.00157841098954462,
        "hold_mil": 242.93377642806527,
        "horizontal_range_m": 2718.92336110995,
        "v0_kmh": 2520.0,
        "drag": 0.2,
        "trajektoria": {
            "x_m": [
                0.0,
                320.0,
                640.0,
                959.9999999999999,
                1280.0,
                1599.9999999999998,
                1919.9999999999995,
                2239.9999999999995,
                2559.9999999999995,
                2879.999999999999,
                3199.999999999999
            ],
            "y_m": [
                -0.05000000000000001,
                254.52782234109904,
                500.0356847411833,
                727.786168909217,
                930.7095930704959,
                1100.573589328222,
                1227.2405002374435,
                1298.4065466292907,
                1299.2168839220835,
                1211.2868190804177,
                1010.1182806302809
            ]
        }
    },
    "pliki": {
        "trajektoria_png": "/wyniki/trajektoria_lokalnie.png"
    },
    "debug": {
        "returncode": 0,
        "stderr_tail": "/app/projekt_balistyczny/py_ballistics/py_ballisticcalc/__init__.py:44: UserWarning: Library running in pure python mode. For better performance install 'py_ballisticcalc.exts' binary package\n  warnings.warn(\"Library running in pure python mode. \"\n",
        "stdout_tail": "{\"target_distance_m\": 3000.0, \"look_angle_deg\": 25.0, \"required_barrel_elevation_rad\": 0.2400780882818056, \"zero_barrel_elevation_rad\": 0.00157841098954462, \"hold_mil\": 242.93377642806527, \"horizontal_range_m\": 2718.92336110995, \"v0_kmh\": 2520.0, \"drag\": 0.2, \"trajektoria\": {\"x_m\": [0.0, 320.0, 640.0, 959.9999999999999, 1280.0, 1599.9999999999998, 1919.9999999999995, 2239.9999999999995, 2559.9999999999995, 2879.999999999999, 3199.999999999999], \"y_m\": [-0.05000000000000001, 254.52782234109904, 500.0356847411833, 727.786168909217, 930.7095930704959, 1100.573589328222, 1227.2405002374435, 1298.4065466292907, 1299.2168839220835, 1211.2868190804177, 1010.1182806302809]}}\n"
    }
}