{
    "status": "OK",
    "czas_uruchomienia": "2026-01-23T17:06:38.365733",
    "scenariusz": {
        "nazwa": "scenariusz_1",
        "opis": "CLI: rozwiazanie_z_kata.py (stdin JSON -> stdout JSON)",
        "typ": "cli",
        "skrypt": "projekt_balistyczny/symulacje/rozwiazanie_z_kata.py"
    },
    "parametry_wejsciowe": {
        "id": "zadanie_01",
        "opis": "seria_docker",
        "tryb_json": true,
        "kat_startowy_deg": 5,
        "predkosc_poczatkowa_mps": 600,
        "drag": 0.2,
        "target_distance": 3000,
        "look_angle": 25.0,
        "kat_deg": 5,
        "v0": 2160.0
    },
    "wynik_symulacji": {
        "target_distance_m": 3000.0,
        "look_angle_deg": 25.0,
        "required_barrel_elevation_rad": 0.30812604654779935,
        "zero_barrel_elevation_rad": 0.0019763068480678158,
        "hold_mil": 311.8415641568597,
        "horizontal_range_m": 2718.92336110995,
        "v0_kmh": 2160.0,
        "drag": 0.2,
        "trajektoria": {
            "x_m": [
                0.0,
                320.0,
                640.0,
                959.9999999999999,
                1280.0,
                1599.9999999999998,
                1919.9999999999995,
                2239.9999999999995,
                2559.9999999999995,
                2879.999999999999,
                3199.999999999999
            ],
            "y_m": [
                -0.05000000000000001,
                291.05510591850776,
                567.6277828847088,
                820.2596454305509,
                1040.0322030734646,
                1215.9372773036391,
                1334.580655005043,
                1379.9841689900632,
                1332.9575567837098,
                1168.9990406618529,
                852.3383030992165
            ]
        }
    },
    "pliki": {
        "trajektoria_png": "/wyniki/trajektoria_lokalnie.png"
    },
    "debug": {
        "returncode": 0,
        "stderr_tail": "/app/projekt_balistyczny/py_ballistics/py_ballisticcalc/__init__.py:44: UserWarning: Library running in pure python mode. For better performance install 'py_ballisticcalc.exts' binary package\n  warnings.warn(\"Library running in pure python mode. \"\n",
        "stdout_tail": "{\"target_distance_m\": 3000.0, \"look_angle_deg\": 25.0, \"required_barrel_elevation_rad\": 0.30812604654779935, \"zero_barrel_elevation_rad\": 0.0019763068480678158, \"hold_mil\": 311.8415641568597, \"horizontal_range_m\": 2718.92336110995, \"v0_kmh\": 2160.0, \"drag\": 0.2, \"trajektoria\": {\"x_m\": [0.0, 320.0, 640.0, 959.9999999999999, 1280.0, 1599.9999999999998, 1919.9999999999995, 2239.9999999999995, 2559.9999999999995, 2879.999999999999, 3199.999999999999], \"y_m\": [-0.05000000000000001, 291.05510591850776, 567.6277828847088, 820.2596454305509, 1040.0322030734646, 1215.9372773036391, 1334.580655005043, 1379.9841689900632, 1332.9575567837098, 1168.9990406618529, 852.3383030992165]}}\n"
    }
}